builder,case,material,parameter,value,baseline,density,A_energy_ratio,C11,C12,C13,C14,C15,C16,C22,C23,C24,C25,C26,C33,C34,C35,C36,C44,C45,C46,C55,C56,C66
abaqus_honeycomb,honeycomb_set1_0p05,set1,t/l,0.05,0,152.49653,178.08903517742962,4508239929.860186,769791276.592749,769757556.103976,-900.9152199107085,0.0,0.0,1172187270.9038045,1160513538.9795454,-1239.0199144638207,0.0,0.0,1172085087.6057305,-1491.0261736173231,0.0,0.0,5803552.312270185,0.0,0.0,771027678.8942989,1511.4398406563778,771068700.4507147
abaqus_honeycomb,honeycomb_set1_0p10,set1,t/l,0.1,1,300.52643,43.37061533548942,8924448048.798405,1577657941.2585533,1577603550.2362804,-15167.272061687978,0.0,0.0,2437417918.4409275,2343363893.045213,-18612.965199352475,0.0,0.0,2437253097.1554074,-27348.466937742185,0.0,0.0,46956838.32443082,0.0,0.0,1558618334.1245785,6294.304946160287,1558656717.8693838
abaqus_honeycomb,honeycomb_set1_0p15,set1,t/l,0.15,0,444.08961,18.87046193243241,13250944036.01843,2427278257.2335935,2426894225.8435574,17379.316065693,0.0,0.0,3837233634.6549788,3518154950.9275565,5704.283389634469,0.0,0.0,3836069903.181524,46960.310228118185,0.0,0.0,159035927.08844823,0.0,0.0,2363379864.334434,-33088.44634753063,2363536047.035125
abaqus_honeycomb,honeycomb_set1_0p20,set1,t/l,0.2,0,583.18612,10.458942632030976,17489193726.04778,3320277042.818598,3320445084.207149,-210422.02018395765,0.0,0.0,5405020438.532178,4656425197.072447,-91309.39669322401,0.0,0.0,5405529654.863718,-546333.0919649414,0.0,0.0,374468249.918281,0.0,0.0,3185746310.3559117,79318.9695747596,3185825981.837794
abaqus_honeycomb,honeycomb_set2_0p05,set2,t/l,0.05,0,90.359882,81.39627793078041,522218505.71529377,92280359.11285526,92126363.68867372,29639.04365764512,3.750094751538284e-12,-4.934780738528454e-12,1636700820.3680243,1627922164.0771956,-953466.4998646834,7.448615878505583e-11,-4.79319816961109e-11,1644020294.3713524,-902869.9834691031,6.599741029061047e-11,-3.011380240384603e-11,6219773.68342568,1.2116178984442358e-11,3.6031814573818644e-12,153799184.86930466,40687.6318035908,153919851.95805556
abaqus_honeycomb,honeycomb_set2_0p10,set2,t/l,0.1,1,178.07312,26.06117968309011,1032330568.4349608,197384214.96534958,197424618.1952349,206204.13470544174,1.4532844911502547e-11,1.6279062245288244e-11,3133052286.6357546,3054833420.444747,-6123938.205163253,2.0778191906745012e-10,8.407007019286474e-11,3129101709.5477777,-5713933.433528865,2.5750718199088174e-10,1.2826919519775267e-10,38446034.544807926,7.680891730865109e-11,5.115410838441905e-11,310070159.1600327,207697.41614900608,310016539.6116697
abaqus_honeycomb,honeycomb_set2_0p15,set2,t/l,0.15,0,263.13967,14.192590419270983,1530522242.912368,313929428.31645286,313994289.2609503,228085.26657130307,-5.2485643391077775e-11,-4.6300214495047814e-11,4513440630.626028,4300052876.026593,-9882809.808663199,-2.0119893248260257e-09,-4.068568527897801e-10,4503396145.043029,-9263385.625825671,-2.1093055302384234e-09,-4.849694590861532e-10,103802243.24266143,-1.8583966347286087e-10,-3.6631479233878935e-12,468703769.05097413,276672.0773181656,468511186.0932698
abaqus_honeycomb,honeycomb_set2_0p20,set2,t/l,0.2,0,345.55954,9.78912541311873,2016832256.0337703,441239433.8943916,438067532.5465408,-86756.5028331749,-3.471561100117647e-14,-1.8096049564623073e-14,5659796824.014679,5369354800.415155,19247377.00604149,-5.90160040250878e-13,-1.2222918017343673e-13,5892107145.90643,16367182.621020174,-5.261077468824411e-13,-1.8005381808660734e-13,200495743.249096,-1.2331895775690212e-13,-2.9796274300633804e-14,628099780.8874689,-517742.4145722565,631296301.0732644
gmshmodel_udfrp,udfrp_set1_4,set1,fibre count,4.0,0,1330.3655,2.5526175778429394,13401118451.643845,2596286566.4837904,2562966332.0023627,12172561.516393777,0.0,0.0,5229692521.589147,2679694531.0963235,57031188.91042579,0.0,0.0,5072220675.980037,496501.505060688,0.0,0.0,1235954213.360867,0.0,0.0,1239187465.8910031,27322395.56591441,1324636901.8969617
gmshmodel_udfrp,udfrp_set1_8,set1,fibre count,8.0,0,1510.7483,3.9918806443932215,22505045226.270252,2946720143.637107,2871869590.684453,-13330344.087901855,0.0,0.0,6495622536.114434,3069918751.7935967,-41034506.2089427,0.0,0.0,6141877908.095017,-21964885.870430853,0.0,0.0,1522072996.103849,0.0,0.0,1593273599.4755387,-40071051.90380574,1740842845.36048
gmshmodel_udfrp,udfrp_set1_12,set1,fibre count,12.0,0,1691.5807,4.453779799871135,31686768064.354794,3381327524.504575,3358659235.6693397,-22398699.59624356,0.0,0.0,8040653866.3628,3578848121.2481437,-90975478.4257796,0.0,0.0,7933523344.618221,-14881089.852377413,0.0,0.0,1996407429.20581,0.0,0.0,2213837206.051864,-54397627.66607314,2230710246.2155356
gmshmodel_udfrp,udfrp_set1_16,set1,fibre count,16.0,1,1872.8198,4.256408208279552,40968349125.906845,4021518003.9276752,4016279605.3855724,52139620.89208858,0.0,0.0,10179820966.49236,4465229412.346488,51432825.48678441,0.0,0.0,10155064115.099548,194979740.0413478,0.0,0.0,2855582627.384262,0.0,0.0,2997223821.4557495,76015163.33507754,3004886881.413272
gmshmodel_udfrp,udfrp_set2_4,set2,fibre count,4.0,0,1225.8779,8.661577018445843,32554989403.172752,2394938071.591669,2388848361.875999,2178341.368701298,0.0,0.0,4858150012.759722,2454777303.2032375,28560981.34452923,0.0,0.0,4794266343.926596,-5709206.847980795,0.0,0.0,1186351691.4568894,0.0,0.0,1222603341.627671,23116242.066141587,1294789426.7017663
gmshmodel_udfrp,udfrp_set2_8,set2,fibre count,8.0,0,1301.7631,14.296320164375645,60781118654.813705,2465250399.2790203,2454263522.0488453,-1916829.519110124,0.0,0.0,5509468505.762968,2541068290.689913,-13141615.300402878,0.0,0.0,5394211585.483723,-6966787.903416293,0.0,0.0,1400561057.224789,0.0,0.0,1541860205.7465363,-31419663.53839733,1661176809.414711
gmshmodel_udfrp,udfrp_set2_12,set2,fibre count,12.0,0,1377.8374,17.446907301058168,89079831799.07599,2541188712.9439864,2537702518.7082353,-2855600.2069885535,0.0,0.0,6241076280.370523,2606087315.535655,-32091199.853042178,0.0,0.0,6204504708.346074,2134669.535507651,0.0,0.0,1706398992.976029,0.0,0.0,2068920470.5594358,-41338762.67870196,2085891658.4773183
gmshmodel_udfrp,udfrp_set2_16,set2,fibre count,16.0,1,1454.0828,18.800745587009942,117444665322.85457,2632701392.6654606,2631954806.9421754,5484975.35205656,0.0,0.0,7091683027.141582,2715489475.421009,-2088228.3232313818,0.0,0.0,7083851160.170367,59628088.3947523,0.0,0.0,2176668993.1032367,0.0,0.0,2716970073.0405407,58827112.97813964,2723891625.91737
microgen_tpms,tpms_set1_0p5,set1,offset,0.5,1,187.22503,1.4542169124167734,277214878.232698,187545127.91660705,187584635.11095124,13894.423944841014,39054.911708613516,-499.7280135442219,277125502.38434863,187589615.106642,91022.41750878413,-28287.68636380739,-35546.81296224795,277315501.2936987,53688.262726668225,55305.40075121889,7306.666116885153,109959719.07459788,-9611.384164633946,3479.910686946493,109924668.49376133,-12427.535581021939,109941750.16760269
microgen_tpms,tpms_set1_0p8,set1,offset,0.8,0,299.68404,1.0757496858336237,485048672.2374583,306243326.2840594,306231404.0632519,16179.216919584338,-42933.434943021835,-10006.958278878588,485072404.6834235,306275367.24976313,67311.15626196905,-25009.6602074025,-11213.165788847882,484985004.72989804,-85423.46422041669,15510.0827144394,22385.04417751655,185516606.10878125,-4676.925351713434,2214.8265606127466,185505842.99678874,203.13203098039628,185509439.15731978
microgen_tpms,tpms_set1_1p1,set1,offset,1.1,0,412.35488,0.7503149669833311,747320754.0619143,436713571.6784457,436701835.24325186,-74366.17452465372,-42385.412968843666,43081.80938406234,747185872.2813395,436601644.5964235,34710.15612111394,26611.37475180804,-10390.663438807567,747493315.402853,-53070.84422122972,59120.68761913676,-8879.061253455522,271662928.5765597,20408.96601700809,48655.30701734132,271728053.95531166,-51370.22842729478,271701493.28397423
microgen_tpms,tpms_set1_1p4,set1,offset,1.4,0,525.29539,0.5139138287380178,1085295429.7334645,594758005.7337912,594757689.1395617,-65487.43685780696,77956.61428245479,43679.52507517643,1084974237.587874,594809579.4000404,45844.36209765717,-60861.955568452824,65411.902318492226,1085170360.304247,23400.726205818846,70722.20458102827,-3996.4322487474415,371073556.7176979,22654.321692459427,8771.69218774644,371050645.56671304,-27608.121810621105,371078906.4433342
microgen_tpms,tpms_set2_0p5,set2,offset,0.5,1,638.0053,1.5626466281016063,7016670228.364152,4599231628.924879,4600033845.046132,166731.45699733673,684729.9826231268,113980.1016329387,7015450657.565284,4600445531.0894575,1994644.9003579728,-657611.9889790474,-932844.8646418689,7019017793.316363,926867.2061081624,1132830.2117013766,241048.35613012887,3096301582.6011496,-153715.1847112066,74819.07020772743,3095532480.71713,-294291.96035831247,3095843727.6133924
microgen_tpms,tpms_set2_0p8,set2,offset,0.8,0,1021.231,1.1614262579917933,12264209906.304607,7417718111.639856,7417676313.1092415,402432.4760695267,-1051317.8264441243,-40646.93309182075,12264142773.744947,7418481032.315164,1558772.701805635,-393477.47041129624,-128163.48382599231,12262631503.27193,-1955432.7448907804,467299.6698821285,540946.6816096685,5235738838.38749,-45234.28507200673,127525.74768879384,5235396221.162608,-101944.60017050258,5235631486.155644
microgen_tpms,tpms_set2_1p1,set2,offset,1.1,0,1405.1786,0.8151152772008017,18847521708.933617,10384482721.535692,10383661351.732555,-1468630.9548072894,-719079.1309634035,806179.5580839681,18845459096.367302,10381606263.600727,915053.630886192,742148.680020877,-152625.60857774445,18850760692.471535,-1161098.909166353,1161630.5294510017,-190040.88348166549,7677381097.640732,505048.4532535466,1036977.8305901818,7678771634.751683,-1106280.9341146983,7678288106.170083
microgen_tpms,tpms_set2_1p4,set2,offset,1.4,0,1790.0451,0.5598398615594173,27234967948.37558,13779352073.281189,13778670247.76851,-1098289.1754392118,1513872.1966013822,915494.5590563334,27227655606.014076,13780987411.521093,1053143.3465659807,-1189808.832012935,1190278.8557866632,27230929379.254383,616148.9721501819,1444776.4360687577,-145779.14271974436,10487942179.937847,504266.2275877408,250921.9962307658,10487437627.607721,-533619.8411743563,10488089263.94873
texgen_weave,weave_set1_0p85,set1,yarn spacing,0.85,0,2049.0,3.2275026644568356,48399233435.897835,11628324625.677807,5316278965.744981,1.743117048060896e-07,7.284517236538629e-08,1.8382736978245215e-07,48399233435.897835,5316278965.744981,3.2811614943796994e-07,-1.7617127222897628e-07,-2.8601213137553887e-08,17205545551.77791,-4.321172723479679e-08,1.2236630699834945e-07,-2.6599300652592844e-09,4349010719.659073,7.431956188559602e-07,-4.901048716645065e-07,4349010719.659073,5.3099191257200683e-08,17192309199.27972
texgen_weave,weave_set1_1p0,set1,yarn spacing,1.0,1,1962.0,3.4953675796894297,41192774479.84657,9441403060.3241,4610296350.30967,-6.60789236989633e-07,-1.4807433879482943e-06,1.4770921305502676e-06,41192774479.846565,4610296350.3096695,-9.445515846274725e-07,-1.3553322428882939e-06,7.011384593938668e-07,15030216138.66635,-8.556526342385725e-07,-3.203869352210057e-06,2.2330724182905354e-07,3531565645.8193517,4.4752987191745044e-07,-7.767129805407504e-07,3531565645.8193517,1.8000374357422634e-07,13369392367.13314
texgen_weave,weave_set1_1p2,set1,yarn spacing,1.2,0,1802.5,2.9809900152071567,28639243032.23829,5977964223.5975485,3932468149.0400496,5.552510908987332e-07,3.6811699656434666e-07,-1.2864742927598925e-06,28639243032.23828,3932468149.040049,4.453767891554775e-07,-6.536664131848518e-07,-1.348322363372779e-06,13516518449.404285,-1.2078824603387298e-06,-1.0413039047523917e-07,-5.627216572132775e-08,2846186340.844362,-1.541526282560028e-07,1.494374630094361e-08,2846186340.844362,7.849728308451268e-07,7246756478.618409
texgen_weave,weave_set1_1p4,set1,yarn spacing,1.4,0,1773.5,3.09936489735387,28149381130.957306,5984983261.557043,3907808613.15887,2.1525495425306023e-06,8.903776946686737e-07,-4.548404472587199e-07,28149381130.95731,3907808613.15887,-1.9989309904422317e-06,-2.2620075847861246e-06,-1.1041157425444553e-06,13142191340.566628,1.1324305902158589e-06,1.5800037688270034e-06,-2.0910898908196072e-07,2703394114.013538,1.3235241016179861e-06,-8.073884388246076e-07,2703394114.013538,-1.137194261921984e-08,7210921546.399432
texgen_weave,weave_set2_0p85,set2,yarn spacing,0.85,0,1421.56,5.634379745082597,35366642584.89358,6413406280.01249,3292927543.796134,1.4053600162485024e-07,1.8760666324470664e-07,5.046659369541404e-07,35366642584.89358,3292927543.796134,-1.052825259850971e-07,-1.698692562746369e-07,1.9784988197801348e-08,7051403804.270704,5.981122644024943e-08,-1.4674282069640683e-08,1.9937412379909584e-08,2182060525.4275184,1.960178552685811e-09,-3.430016745331021e-08,2182060525.4275184,-3.032630485662631e-08,3415033688.6243315
texgen_weave,weave_set2_1p0,set2,yarn spacing,1.0,1,1395.28,6.082697212610297,33855613965.224457,5567289849.646251,3100564291.4237547,-2.592018515318391e-07,1.6637672669875728e-07,4.1162858646443197e-07,33855613965.224457,3100564291.4237547,9.217315453707239e-08,-5.420342994377668e-07,1.1182822830008667e-07,6725049558.774704,-3.208283796325418e-07,-5.019908323458182e-07,8.16263021932932e-08,1997002220.087338,2.8735411096984354e-08,-2.8707013894981136e-07,1997002220.087338,-1.9573086797707332e-07,3026605069.2002983
texgen_weave,weave_set2_1p2,set2,yarn spacing,1.2,0,1347.1,5.900977142898468,28876632557.6536,4477448913.3477125,2900497081.966092,-3.2011241899907373e-07,-2.6114710090317577e-07,-3.9329100461431354e-07,28876632557.653603,2900497081.966092,5.850404487910612e-07,3.274155348780088e-07,-1.6813083239199323e-07,6245690777.341319,2.2328555194726867e-07,6.55713702983245e-08,-1.3895762792489086e-07,1767806438.064663,-1.0657917972642768e-07,2.3717645477581846e-08,1767806438.064663,6.741286078502047e-08,2347902246.7804446
texgen_weave,weave_set2_1p4,set2,yarn spacing,1.4,0,1338.34,6.045511598022344,28353610388.66759,4089297854.0146666,2847475415.5978255,-4.5622853842359455e-07,-3.218148608365818e-07,6.447908601487354e-07,28353610388.66759,2847475415.597826,6.463550258567542e-07,2.0568593115391657e-07,3.267363338056893e-07,6143958683.159991,1.0463618365527506e-07,7.291984910919875e-08,1.3567761305632633e-08,1721969526.0642214,8.406167257582041e-08,-6.479918481438831e-08,1721969526.0642214,1.1530071118453955e-07,2322829598.5446634
