airfoil_name,status,error,mu,ea,gj,ga22,ga33,ei22,ei33,tc2,tc3,sc2,sc3
apex16,ok,,38.838708092,752414711.21,490355.00339,1722651.3521,66445577.722,1389253.9908,58895524.468,0.23225287881,0.020258541403,0.12058818684,0.029809548555
a18sm,ok,,38.788114629,751434573.93,145623.97304,783913.14965,67006707.386,479163.60666,59242891.088,0.23473157361,0.026234297788,0.046549427806,0.044883934009
clarkyh,ok,,38.915570697,753903755.45,443717.82773,1643527.0646,66717295.439,1250496.1262,59372068.311,0.23217759209,0.04537039124,0.038144338418,0.063687803858
c141a,ok,,39.501598249,765256752.83,600115.81442,1888532.9662,67675998.911,1614632.9281,62060807.876,0.23636379865,0.0078582918197,0.11418978526,0.01195308256
dae11,ok,,37.782090414,731945063.08,468685.91819,2433339.3815,64202754.939,1569978.6198,53883779.416,0.20961392165,0.04529379436,0.056899774261,0.077338781485
du-80-176-v1,ok,,38.94841219,754539987.28,952593.73402,3450648.5463,65841318.787,2756571.4928,58721003.333,0.2235380843,0.023339220045,0.093864119742,0.032219686971
ds19,ok,,36.964649386,716108937.68,196791.11036,858666.39258,64315024.932,546360.08904,51652026.13,0.21197655193,0.015220616522,0.022666658734,0.023351554102
ag45c03,ok,,35.589904152,689476266.59,109767.3446,623212.39296,62972752.268,311894.10279,47106373.015,0.19790908027,0.0208279299,-0.026046626411,0.02707355543
ds21,ok,,37.014105482,717067040.97,204222.6564,874400.38113,64380544.189,563217.95536,51839468.465,0.21243208765,0.013509772428,0.023162625959,0.020926768822
du861372,ok,,38.3659187,743255454.6,569320.51497,2043532.6085,65683493.211,1578423.2813,56772102.066,0.22422122189,0.00018445784619,0.1016887777,-0.00034662031707
e1214,ok,,39.797904897,770997043.69,1013182.0604,3901711.0573,66809446.8,3099566.8699,62229520.264,0.22078673475,0.014248630279,-0.039034997191,0.024990835981
e169,ok,,38.371496915,743363520.26,534117.65025,2153654.6311,65694825.271,1552444.8315,56844407.604,0.21967249879,-4.5734410266e-11,-0.0249410372,7.9435245085e-11
e210,ok,,38.744190446,750583639.3,515945.59414,2068187.2581,66101631.018,1542398.1104,58315505.169,0.22531414646,0.030038481155,0.026829990626,0.046245343716
e342,error,Case failed and returned no VABS output.,,,,,,,,,,,
e432,ok,,38.926040922,754106593.08,785517.69474,2907072.6583,65943011.116,2306110.8117,58736700.182,0.22353438221,0.031795386,0.078449416264,0.049473510556
e433,ok,,38.806510211,751790947.94,662728.12415,2378942.1238,66088262.357,1895048.1416,58500624.096,0.22683006413,0.030509103707,0.11561879508,0.045815798823
e473,ok,,39.543989865,766077997.33,685349.73456,2588157.6716,67230602.492,2012141.3664,61804150.561,0.22631218813,1.3633057791e-10,-0.048454774908,2.4204745048e-09
e502,ok,,38.909702749,753790076.84,767479.21843,2623223.1505,66150138.101,2167276.81,58859442.438,0.22979227112,0.0094405656572,0.12201221333,0.015874190838
ebambino7,ok,,37.928013888,734772010.14,108760.67604,430880.33318,66022070.04,286589.80734,55798596.568,0.23201096984,0.025547887957,0.10141150325,0.030538227111
fx05191,error,Case failed and returned no VABS output.,,,,,,,,,,,
fx66h80,ok,,36.717929467,711329280.84,149823.74357,757117.2102,64071729.802,438449.948,50789840.821,0.21159459945,0.011577764751,0.0019538877272,0.025039130486
fx75193,ok,,39.241196283,760212036.37,1119110.6515,4061071.7003,65789356.931,3322597.113,59566322.525,0.22525102592,0.027451169245,0.10947042551,0.040839827717
fx77080,ok,,37.91969169,734610785.83,191212.98675,732046.17366,65841595.138,506985.1497,55621718.769,0.2241131241,3.6011876272e-11,0.019163006887,3.9794208416e-09
fx77w270,ok,,42.570434387,824708716.35,2151844.1837,6709290.9585,69477910.076,6701692.324,74107850.272,0.23855179856,0.024828189948,0.031184478654,0.039157297864
fx63158,error,Case failed and returned no VABS output.,,,,,,,,,,,
giiia,ok,,38.859652654,752820466.12,406170.53307,1355918.8415,66846145.047,1088875.1008,59309092.829,0.23367403692,0.0026010887591,0.086783312663,0.0049008988778
fx05h126,error,Case failed and returned no VABS output.,,,,,,,,,,,
giiid,ok,,38.214791182,740327690.69,297166.85563,1058493.3077,65987790.594,799951.06468,56611216.54,0.22852108241,0.0051480109491,0.0944790391,0.010101283739
goe147,ok,,37.230180518,721253020.46,123437.32705,804490.7712,65053956.323,402012.53125,53092701.887,0.21552530042,0.024869556975,-0.049006477977,0.044600420974
goe190,ok,,38.849250084,752618939.16,336200.42719,1959378.1444,66082820.988,1198956.4853,58618180.21,0.22434468878,0.0400040395,-0.040850305973,0.064879652188
goe177,ok,,37.811710398,732518885.33,142083.65681,948736.355,65319802.086,509146.67899,54883042.44,0.22284819283,0.03451897761,0.0070058396603,0.059598764541
goe242,ok,,38.112669399,738349305.32,609651.06456,3347501.0029,64586166.09,2092473.866,55249685.386,0.20967954964,0.055745630635,0.0092943339378,0.083393956015
fx80080,error,Case failed and returned no VABS output.,,,,,,,,,,,
goe256,ok,,40.031201212,775516647.66,820077.83693,2722623.6265,67662355.333,2581762.8916,63765432.104,0.23295289889,0.031292346768,0.025099789807,0.056684006439
goe284,ok,,40.479261479,784196831.76,897456.91111,3223943.6125,67997132.559,2931574.1651,65529382.731,0.23149434091,0.032487940353,-0.027966184588,0.060103555449
goe304,ok,,39.156504857,758571325.91,253292.83212,1434480.2585,66865145.608,902407.69091,60256075.983,0.22884710003,0.043080312746,0.044157404072,0.075339257977
goe309,ok,,38.983768628,755224940.66,246779.91557,1086261.0052,66941704.206,756558.80745,59763796.476,0.235254673,0.028073234444,0.076670040301,0.051424983143
goe318,ok,,37.907442801,734373490.49,224983.90267,1178419.1571,65640799.091,713632.01772,55466911.525,0.22069440993,0.027215612887,0.0079629768745,0.050483843758
goe330,ok,,39.090428333,757291238.31,316496.88078,1515903.0055,66702271.639,1044229.4146,59907288.994,0.23146072122,0.0402840718,0.057530575038,0.069632818259
goe360,ok,,38.679221033,749324999.55,271456.65992,1412894.6836,66209444.452,912439.04159,58214525.034,0.22622332237,0.039375692653,0.050627872545,0.068883832069
goe365,ok,,39.127988606,758018886.14,439015.55402,1764980.785,66771388.41,1323858.7612,60085267.568,0.22966030379,0.036510498979,0.058589444602,0.061178303115
goe366,ok,,40.051814237,775915979.77,559943.34029,2445115.5735,67568952.14,1848199.1724,63741364.824,0.23197025647,0.050123843134,0.062928211456,0.086171383659
goe409,ok,,38.791565085,751501418.93,530750.64954,1796851.053,66568356.912,1437876.3557,58862527.047,0.22915742769,-1.6381154684e-15,0.070690372667,-3.9918843696e-09
goe417a,ok,,38.219138812,740411916.47,23183.483411,631178.72723,65690996.155,267975.4014,56371438.775,0.22442512386,0.039935046747,0.08582819047,0.070535289081
goe523,ok,,39.291697129,761190379.41,705838.25294,3832841.4281,65359731.649,2570730.027,59379234.53,0.21388247957,0.072642110443,0.013612944797,0.11040060927
goe491,ok,,37.681022799,729987099.98,68701.505236,377250.54464,65491794.909,209438.16191,54618501.828,0.22665322497,0.018712081175,0.065490777059,0.032966110842
goe546,ok,,38.356060206,743064467.92,312837.92589,1298937.0818,65986648.672,915222.4102,57041588.94,0.22654340029,0.025405976814,0.047403044403,0.041428782074
goe599,ok,,38.919239857,753974837.38,310677.52078,1086581.1245,67066845.325,847897.39609,59680753.07,0.23711098647,0.010555113342,0.07164974958,0.017275598896
goe633,ok,,39.253714227,760454544.06,562983.08972,2267140.2567,66771823.914,1695229.697,60472620.549,0.22605520488,0.023325500568,-0.0074812492753,0.046722847417
goe683,ok,,40.229524972,779358735.16,1139330.5346,3541808.2588,67551616.75,3704230.6935,64306666.371,0.2279390741,0.015903841794,-0.036000161945,0.034188574185
goe702,ok,,39.29745184,761301864.3,755010.09478,3289813.8951,66180661.789,2395944.5,60094161.443,0.21770211506,0.032283013677,-0.023926981842,0.060849314647
goe738,ok,,38.904796676,753695032.44,685706.63032,2637036.7521,66246905.366,1996631.1139,58935637.499,0.22094324209,0.011154838896,-0.0031684918626,0.023842292597
hq1585,ok,,36.658805059,710183875.23,206847.8021,875530.63063,63868479.975,562517.54884,50452563.942,0.21052121768,0.011452683061,0.053148611234,0.017006611214
hq3514,ok,,38.489690221,745653256.11,585261.36555,2247570.7459,65732533.979,1694437.1404,57231988.696,0.2214823604,0.026880528347,0.050445604206,0.040783474877
hq2510,ok,,37.436842188,725256636.68,286542.76019,1175387.1141,64769698.672,802976.50376,53342994.03,0.21739936159,0.019510763157,0.057881466589,0.029262552258
hs1620,ok,,41.752704955,808867003.67,1606281.3509,4697629.5433,70027140.448,4543825.8226,71852473.849,0.24099547558,0.02866615506,0.099165184319,0.048320249363
kc135c,ok,,38.257890119,741162637.97,326943.45568,1171315.3479,65922718.347,900491.33298,56684000.956,0.22828727071,0.011733771531,0.11119406463,0.01819672941
l7769,ok,,36.537533095,707834497.15,279194.53452,1670732.7378,63288697.339,904537.75618,49737974.266,0.198448886,0.025041285651,-0.045776885267,0.048518884083
k1,ok,,37.357797628,723725321.84,404934.28998,1584764.8512,64495441.677,1115723.2277,52887545.27,0.21086664154,0.0097448637705,0.045756770501,0.0088402845946
ht14,ok,,36.70398294,711059097.5,129466.40759,635845.08297,64522883.851,353486.04702,51198151.053,0.20884527746,1.2267041957e-05,-0.062823144977,1.7652688785e-05
lwk80120k25,ok,,38.461539934,745107906.1,472345.19757,1644333.3689,66167159.64,1282887.7832,57511612.648,0.22737327871,6.318347051e-11,0.10893547151,-3.6003135845e-10
m4,ok,,38.147983681,739033442.01,113867.92079,493087.88739,66292709.739,322015.12904,56668598.409,0.23234298826,0.011387640273,0.080566054035,0.023234068768
marske7,ok,,38.910538235,753806262.54,442585.57944,1669140.6808,66611243.947,1291640.6434,59252025.607,0.23259455759,0.01508241025,0.1079658979,0.032892057013
mh110,ok,,37.686866174,730100302.55,256499.27769,1085413.609,65238083.158,719370.36546,54445122.12,0.21940107066,0.0022242263942,-0.022097520478,0.0071274602577
mh121,ok,,37.625952101,728920226.11,219149.43384,901356.97757,65103601.827,618076.16191,54147873.054,0.22408293427,0.02060651619,0.10754436753,0.029592253233
mh122,ok,,37.878507542,733812933.36,254510.16674,1044387.9789,65382812.925,728629.35135,55114767.339,0.2250774919,0.024488859693,0.10353539835,0.035759383722
mh150,error,Case failed and returned no VABS output.,,,,,,,,,,,
mh25,ok,,38.569558229,747200523.44,353308.06606,1167100.7955,66420808.205,932425.68186,58053997.467,0.23315740906,0.010665699441,0.15469284289,0.0171402268
mh22,ok,,36.401184112,705193034.9,132273.61119,641479.52141,63710001.512,370061.37348,49663916.676,0.20984358924,0.011613827101,0.02218893993,0.021464357548
miley,ok,,37.682832752,730022163.85,408452.28458,2100236.1044,64396731.903,1335805.5393,53749152.95,0.21249391243,0.031111562322,0.015212071304,0.058935075528
n22,ok,,39.47539786,764749177.81,475371.71812,1845763.0796,67459239.781,1405208.158,61784361.618,0.23439785359,0.045623769474,0.026888736796,0.072631410941
n63415,ok,,37.921914937,734653856.36,641153.78249,2461479.3222,64804998.229,1831047.2941,54767161.131,0.21470466843,0.016938799964,0.051845489264,0.024451327844
n64212,ok,,37.439922169,725316304.53,405164.18411,1547899.2583,64543389.508,1122612.993,53154512.998,0.21568988327,0.0084442412893,0.075797067537,0.012342653485
naca001064,ok,,38.934438731,754269282.19,337434.81801,1097952.1396,67108425.732,890133.03429,59764975.109,0.23674883309,-9.2203433987e-16,0.11458970966,2.9918331296e-09
naca1408,ok,,37.989325234,735959782.87,184910.53157,708026.51814,65902106.851,495776.4008,55874042.335,0.22797429433,0.006977911101,0.041958495696,0.011775964104
naca16006,ok,,38.067953109,737483025.36,108047.08206,377266.64628,66001746.662,275759.71754,56175577.485,0.23866071143,-2.7058888902e-15,0.22877618513,3.1138030853e-09
mh62,error,Case failed and returned no VABS output.,,,,,,,,,,,
naca2418,ok,,40.226419013,779298564.01,995647.24818,3144976.1645,68052548.38,3021784.3077,64759745.977,0.23140951434,0.013978011382,-0.010185451259,0.023655598533
naca2424,ok,,40.910989688,792560618.1,1727010.3763,5155075.7202,67878646.093,5582737.8159,66874914.12,0.22280977915,0.014410309804,-0.024979729928,0.023251884629
naca633618,ok,,38.570237917,747213690.91,925006.29324,3512559.1933,65199526.099,2715669.6856,57018844.827,0.21541631239,0.025482616266,0.047338980565,0.036568845025
naca643618,ok,,38.73920985,750487151.18,929274.43741,3444705.8211,65471104.673,2720872.2178,57756186.606,0.21850310561,0.025413582073,0.062988105721,0.036846584145
naca671215,ok,,39.20029622,759419687.42,805850.13964,2560678.6815,66821310.835,2185695.2436,60359060.679,0.23350773611,0.0083335857244,0.19145214865,0.012687903433
rc08n1,ok,,37.611243913,728635287.25,174686.05883,699497.17294,65341376.613,479502.61307,54308509.042,0.22409940369,0.009082407564,0.093215893136,0.017274815624
s2027,ok,,38.168797498,739436664.02,603677.25199,2357150.8536,65162698.437,1747716.8236,55793098.284,0.21759550145,0.019881085603,0.032334329025,0.03247362593
s2062,ok,,37.094787794,718630083.65,183931.20732,763473.28115,64464979.489,500083.38467,52121244.295,0.21574750537,0.012776951155,0.046972992911,0.019733683155
rae100,ok,,37.796900101,732231968.33,276992.04995,1098644.4033,65442225.421,760540.07373,54931017.359,0.21934801714,-3.4362790237e-10,-0.003536691973,-5.4354052151e-09
s2050,error,Case failed and returned no VABS output.,,,,,,,,,,,
s3021,ok,,37.817910424,732638997.22,253882.96769,1080757.625,65279438.531,734159.32006,54852588.461,0.2211624719,0.020344490825,0.029574904074,0.03499172023
s6061,ok,,37.01417293,717068347.62,233531.83095,958813.41181,64197678.327,640588.40546,51677167.991,0.21377014118,0.012437047728,0.051805195422,0.020568100671
s9032,ok,,37.333243899,723249647.24,217757.61983,906532.97339,64851921.567,593579.90309,53116736.383,0.21535139997,2.0874152732e-08,-0.013249995191,-2.5864945686e-08
sd8020,ok,,38.297628147,741932475.05,303648.89384,1115103.8958,66093040.365,824774.60461,56950444.145,0.22677724492,9.063405611e-07,0.024176842593,1.667764884e-06
sg6043,error,Failed to read VABS output: C:\Users\tian50\work\dev\msg-examples\examples\airfoil_cross_sections\evals_skin_gfrp_001\sg6043\airfoil_cs.sg.k,,,,,,,,,,,
s9033,ok,,36.420406979,705565435.76,138024.06138,646349.69637,63822714.045,372525.75451,49813647.411,0.20646592214,1.7355389076e-08,-0.033064867428,-2.1932183027e-08
usa40,ok,,38.63862189,748538480.27,496268.10656,2167714.7639,66047831.222,1505375.0131,57969827.148,0.21976032434,0.031129370721,-0.011630014065,0.049429424688
usa41,ok,,36.961396782,716045925.61,108652.68938,814641.54959,64396603.74,392746.70877,51797027.455,0.21403508688,0.032206670382,0.024344718706,0.053579024784
vr9,ok,,36.008878443,697592973.75,89067.48205,406894.88151,63295122.954,233057.40415,48300148.919,0.20989537444,0.0022085898021,0.071317205999,0.0036811928436
waspsm,ok,,38.791953283,751508939.42,244052.14902,1043413.6118,66926522.602,717410.77667,59182217.385,0.2317632849,0.020966942933,0.0085820289665,0.03641827589
ys930,ok,,38.409991298,744109264.44,272944.61509,1067422.0354,66111393.853,777700.22386,57303309.881,0.23168750837,0.01915137795,0.11223346454,0.031970578288
zv15_35,ok,,38.840288494,752445328.03,646825.55634,2642052.9035,66196654.542,1912160.9299,58707063.34,0.21501580981,-0.0014939399064,-0.055797493152,-0.004507510629
bw3,error,Case failed and returned no VABS output.,,,,,,,,,,,
